{
  "conf_thresh": 0.4500000000000001,
  "margin_thresh": 0.0,
  "score": 0.4328496410375605,
  "accuracy": 0.40575396825396826,
  "f1_macro": 0.3687354157152815,
  "f1_action": 0.529020979020979,
  "trade_rate": 0.5486111111111112
}