{
  "conf_thresh": 0.0,
  "margin_thresh": 0.0,
  "score": 0.45997555221312836,
  "accuracy": 0.5773809523809523,
  "f1_macro": 0.45997555221312836,
  "f1_action": 0.45997555221312836,
  "trade_rate": 1.0
}