{
  "conf_thresh": 0.4100000000000001,
  "margin_thresh": 0.0,
  "score": 0.41168866213176614,
  "accuracy": 0.42658730158730157,
  "f1_macro": 0.36388476893309657,
  "f1_action": 0.4833945019297705,
  "trade_rate": 0.6498015873015873
}