{
  "conf_thresh": 0.4100000000000001,
  "margin_thresh": 0.0,
  "score": 0.3905037339349813,
  "accuracy": 0.39087301587301587,
  "f1_macro": 0.33854101414050297,
  "f1_action": 0.46844781362669874,
  "trade_rate": 0.6527777777777778
}