{
  "conf_thresh": 0.0,
  "margin_thresh": 0.0,
  "score": 0.47241621748300916,
  "accuracy": 0.6011904761904762,
  "f1_macro": 0.47241621748300916,
  "f1_action": 0.47241621748300916,
  "trade_rate": 1.0
}