{
  "conf_thresh": 0.5500000000000003,
  "margin_thresh": 0.0,
  "score": 0.34865753433671776,
  "accuracy": 0.4156746031746032,
  "f1_macro": 0.2952088599004321,
  "f1_action": 0.4288305459911461,
  "trade_rate": 0.5982142857142857
}