{
  "conf_thresh": 0.5500000000000003,
  "margin_thresh": 0.0,
  "score": 0.3365118768455629,
  "accuracy": 0.3244047619047619,
  "f1_macro": 0.25580183548869156,
  "f1_action": 0.45757693888086987,
  "trade_rate": 0.41865079365079366
}