{
  "conf_thresh": 0.34,
  "margin_thresh": 0.17,
  "score": 0.33553555376462096,
  "accuracy": 0.37797619047619047,
  "f1_macro": 0.27235618415773194,
  "f1_action": 0.4303046081749544,
  "trade_rate": 0.5615079365079365
}